id_imagen,nombre_archivo,ruta_imagen,tipo_analisis,descripcion_incidencia,requiere_intervencion,confianza_modelo,estado_general,error
arbol_0,arbol_000_combined_2_faces_conf0.90.jpg,imagenes_resultados\c_fernando_el_santo_13\c_fernando_el_santo_13_full_trees\trees\arbol_000_combined_2_faces_conf0.90.jpg,arbol,"El árbol presenta un estado saludable, sin incidencias que requieran una intervención inmediata. Se recomienda una poda de mantenimiento programada.",False,70,saludable,
arbol_0,arbol_005_left_conf0.76.jpg,imagenes_resultados\c_fernando_el_santo_13\c_fernando_el_santo_13_full_trees\trees\arbol_005_left_conf0.76.jpg,arbol,El árbol presenta un buen estado general.  Se recomienda una inspección más exhaustiva in situ para confirmar.,False,70,saludable,
arbol_0,arbol_008_combined_2_faces_conf0.63.jpg,imagenes_resultados\c_fernando_el_santo_13\c_fernando_el_santo_13_full_trees\trees\arbol_008_combined_2_faces_conf0.63.jpg,arbol,"El árbol se encuentra en buen estado general, sin incidencias que requieran intervención inmediata.  Se recomienda una poda de mantenimiento programada.",False,70,saludable,
arbol_0,arbol_001_back_conf0.86.jpg,imagenes_resultados\c_fernando_el_santo_13\c_fernando_el_santo_13_full_trees\trees\arbol_001_back_conf0.86.jpg,arbol,"El árbol presenta un ligero desequilibrio en su copa, pero no representa un peligro inmediato. Se recomienda una poda de mantenimiento programada.",False,70,saludable,
arbol_0,arbol_002_back_conf0.71.jpg,imagenes_resultados\c_fernando_el_santo_13\c_fernando_el_santo_13_full_trees\trees\arbol_002_back_conf0.71.jpg,arbol,Poda necesaria para mejorar la visibilidad y la seguridad.,True,70,"generalmente saludable, pero requiere poda",
arbol_0,arbol_006_left_conf0.55.jpg,imagenes_resultados\c_fernando_el_santo_13\c_fernando_el_santo_13_full_trees\trees\arbol_006_left_conf0.55.jpg,arbol,El árbol presenta una leve interferencia con la visibilidad de la fachada del edificio. No hay incidencias significativas en la calzada o acera.,False,70,saludable,
arbol_0,arbol_003_front_conf0.81.jpg,imagenes_resultados\c_fernando_el_santo_13\c_fernando_el_santo_13_full_trees\trees\arbol_003_front_conf0.81.jpg,arbol,"El árbol presenta un estado general saludable, sin incidencias relevantes que requieran intervención inmediata.  Se recomienda una poda de mantenimiento programada.",False,70,saludable,
arbol_0,arbol_004_front_conf0.59.jpg,imagenes_resultados\c_fernando_el_santo_13\c_fernando_el_santo_13_full_trees\trees\arbol_004_front_conf0.59.jpg,arbol,Poda necesaria para mejorar la visibilidad y seguridad.,True,70,"generalmente saludable, pero requiere poda",
arbol_0,arbol_009_combined_2_faces_conf0.42.jpg,imagenes_resultados\c_fernando_el_santo_13\c_fernando_el_santo_13_full_trees\trees\arbol_009_combined_2_faces_conf0.42.jpg,arbol,"El árbol presenta un estado saludable, sin incidencias que requieran una intervención inmediata.  Se recomienda una poda de mantenimiento programada.",False,70,Saludable,
